container	identifier	appearance	component_wire	construction	gauge	insulation material	mass	mass_source	material	od	resistance	temperature rating	voltage rating	wire number
conductors	white	{'base_color':'white','outline_color':'black'}	M22759/11-24	19x36	24AWG	PTFE	0.0026lbs/ft	M22759/11 slash-sheet max weight, lbs/1000 ft (Glenair M22759 wires / Ryan Electronics, https://www.ryanelectronics.com/products/m2275911/)	silver-coated copper	0.043in	24.3ohm/1000ft	200C	600V	1
conductors	blue	{'base_color':'white','outline_color':'black','parallelstripe':['blue']}	M22759/11-24	19x36	24AWG	PTFE	0.0026lbs/ft	M22759/11 slash-sheet max weight, lbs/1000 ft (Glenair M22759 wires / Ryan Electronics, https://www.ryanelectronics.com/products/m2275911/)	silver-coated copper	0.043in	24.3ohm/1000ft	200C	600V	2
conductors	orange	{'base_color':'white','outline_color':'black','parallelstripe':['orange']}	M22759/11-24	19x36	24AWG	PTFE	0.0026lbs/ft	M22759/11 slash-sheet max weight, lbs/1000 ft (Glenair M22759 wires / Ryan Electronics, https://www.ryanelectronics.com/products/m2275911/)	silver-coated copper	0.043in	24.3ohm/1000ft	200C	600V	3
conductors	green	{'base_color':'white','outline_color':'black','parallelstripe':['green']}	M22759/11-24	19x36	24AWG	PTFE	0.0026lbs/ft	M22759/11 slash-sheet max weight, lbs/1000 ft (Glenair M22759 wires / Ryan Electronics, https://www.ryanelectronics.com/products/m2275911/)	silver-coated copper	0.043in	24.3ohm/1000ft	200C	600V	4
conductors	red	{'base_color':'white','outline_color':'black','parallelstripe':['red']}	M22759/11-24	19x36	24AWG	PTFE	0.0026lbs/ft	M22759/11 slash-sheet max weight, lbs/1000 ft (Glenair M22759 wires / Ryan Electronics, https://www.ryanelectronics.com/products/m2275911/)	silver-coated copper	0.043in	24.3ohm/1000ft	200C	600V	5
conductors	black	{'base_color':'white','outline_color':'black','parallelstripe':['black']}	M22759/11-24	19x36	24AWG	PTFE	0.0026lbs/ft	M22759/11 slash-sheet max weight, lbs/1000 ft (Glenair M22759 wires / Ryan Electronics, https://www.ryanelectronics.com/products/m2275911/)	silver-coated copper	0.043in	24.3ohm/1000ft	200C	600V	6
conductors	yellow	{'base_color':'white','outline_color':'black','parallelstripe':['yellow']}	M22759/11-24	19x36	24AWG	PTFE	0.0026lbs/ft	M22759/11 slash-sheet max weight, lbs/1000 ft (Glenair M22759 wires / Ryan Electronics, https://www.ryanelectronics.com/products/m2275911/)	silver-coated copper	0.043in	24.3ohm/1000ft	200C	600V	7
conductors	violet	{'base_color':'white','outline_color':'black','parallelstripe':['violet']}	M22759/11-24	19x36	24AWG	PTFE	0.0026lbs/ft	M22759/11 slash-sheet max weight, lbs/1000 ft (Glenair M22759 wires / Ryan Electronics, https://www.ryanelectronics.com/products/m2275911/)	silver-coated copper	0.043in	24.3ohm/1000ft	200C	600V	8
conductors	gray	{'base_color':'white','outline_color':'black','parallelstripe':['gray']}	M22759/11-24	19x36	24AWG	PTFE	0.0026lbs/ft	M22759/11 slash-sheet max weight, lbs/1000 ft (Glenair M22759 wires / Ryan Electronics, https://www.ryanelectronics.com/products/m2275911/)	silver-coated copper	0.043in	24.3ohm/1000ft	200C	600V	9
